Well Position	Name	Sequence
A1	Odd_Top_1	/5Phos/CAAGTCAAGCTAGATTCCACGAAG
A2	Odd_Top_2	/5Phos/CAAGTCAAAGATACTTCTGTAGGC
A3	Odd_Top_3	/5Phos/CAAGTCAAGCCTATGAGTAATACC
A4	Odd_Top_4	/5Phos/CAAGTCAAATAAGGTGGCTTGTCT
A5	Odd_Top_5	/5Phos/CAAGTCAAATCCTTAGTTAGAGGC
A6	Odd_Top_6	/5Phos/CAAGTCAAAGCGGTGCTTGACACC
A7	Odd_Top_7	/5Phos/CAAGTCAACAATTATATTGCGGTG
A8	Odd_Top_8	/5Phos/CAAGTCAAAGGTGACAGACACAGC
A9	Odd_Top_9	/5Phos/CAAGTCAAACTCTAACGCACAGGA
A10	Odd_Top_10	/5Phos/CAAGTCAAATGGTCTGTTGCCGAC
A11	Odd_Top_11	/5Phos/CAAGTCAAGCTCAGGCGTGACCGC
A12	Odd_Top_12	/5Phos/CAAGTCAAAGTTAGAGGCACGGCG
B1	Odd_Top_13	/5Phos/CAAGTCAAACCGCTGCGATTGATA
B2	Odd_Top_14	/5Phos/CAAGTCAAAGGCATTCGACCTAGT
B3	Odd_Top_15	/5Phos/CAAGTCAAGCCTCGTTCATTGATT
B4	Odd_Top_16	/5Phos/CAAGTCAACACACAACCTAGCCAA
B5	Odd_Top_17	/5Phos/CAAGTCAAACGGACACCTCTAGTG
B6	Odd_Top_18	/5Phos/CAAGTCAAACAAGATTATAGCACG
B7	Odd_Top_19	/5Phos/CAAGTCAAAATTGCTCCACTCGAA
B8	Odd_Top_20	/5Phos/CAAGTCAAACAATGCAAGCAACCA
B9	Odd_Top_21	/5Phos/CAAGTCAAGCGTAACTGCATGGCG
B10	Odd_Top_22	/5Phos/CAAGTCAAACACGGTGACGAACTA
B11	Odd_Top_23	/5Phos/CAAGTCAAAGAGTCCGATGACGCT
B12	Odd_Top_24	/5Phos/CAAGTCAAACGCCTAACGAACCGA
C1	Odd_Top_25	/5Phos/CAAGTCAAAGGACTAACCGAGTAT
C2	Odd_Top_26	/5Phos/CAAGTCAAAACCTAGCGTTCTACT
C3	Odd_Top_27	/5Phos/CAAGTCAAAGCCTCACTAGGCGGA
C4	Odd_Top_28	/5Phos/CAAGTCAACAATAGGACGTTGCTG
C5	Odd_Top_29	/5Phos/CAAGTCAAGCTACGTCGTAGGCAC
C6	Odd_Top_30	/5Phos/CAAGTCAAAGTTCAACGTGTGACG
C7	Odd_Top_31	/5Phos/CAAGTCAAATCTCACTGCGTCCTT
C8	Odd_Top_32	/5Phos/CAAGTCAAAAGTAGGTGCCGTATA
C9	Odd_Top_33	/5Phos/CAAGTCAAACAGAATGAGAACGAT
C10	Odd_Top_34	/5Phos/CAAGTCAAGCGGCGTGGTATGATG
C11	Odd_Top_35	/5Phos/CAAGTCAAAGCCTTATCACATCAT
C12	Odd_Top_36	/5Phos/CAAGTCAAGCGGAGGCTGCAACCA
D1	Odd_Top_37	/5Phos/CAAGTCAAATACACGGTGATTGTA
D2	Odd_Top_38	/5Phos/CAAGTCAAATGGCACCAGAGTATG
D3	Odd_Top_39	/5Phos/CAAGTCAAAACGGAAGTGTTCAAC
D4	Odd_Top_40	/5Phos/CAAGTCAAATCGCTCGACGTGTGA
D5	Odd_Top_41	/5Phos/CAAGTCAAAGTCCTTATCGGCGTT
D6	Odd_Top_42	/5Phos/CAAGTCAAGCTCACTGTCCAGGAT
D7	Odd_Top_43	/5Phos/CAAGTCAAGCTCCAAGACAAGAAG
D8	Odd_Top_44	/5Phos/CAAGTCAAACTGACGTAATGAACG
D9	Odd_Top_45	/5Phos/CAAGTCAAAGGCTTATGAAGAGCA
D10	Odd_Top_46	/5Phos/CAAGTCAAGCGTCTCTTGGTGACC
D11	Odd_Top_47	/5Phos/CAAGTCAAACTTGCTCCTACACAA
D12	Odd_Top_48	/5Phos/CAAGTCAAGCGATCCAGATTGAGA
E1	Odd_Top_49	/5Phos/CAAGTCAAGCTAGAGGCTTCCAGC
E2	Odd_Top_50	/5Phos/CAAGTCAAATCTCTAAGGAGAACG
E3	Odd_Top_51	/5Phos/CAAGTCAAACTCGGACACCTTGAG
E4	Odd_Top_52	/5Phos/CAAGTCAAAGCCACATATTCATAT
E5	Odd_Top_53	/5Phos/CAAGTCAACAAGTGCCTATATTCA
E6	Odd_Top_54	/5Phos/CAAGTCAAATACGAGGCGGAAGGC
E7	Odd_Top_55	/5Phos/CAAGTCAACAATCCGTTAAGCAAT
E8	Odd_Top_56	/5Phos/CAAGTCAAATCCGTGTGTTGGAAG
E9	Odd_Top_57	/5Phos/CAAGTCAAGCGTTGATCCTCACGA
E10	Odd_Top_58	/5Phos/CAAGTCAAAGATAGCATGGAACGT
E11	Odd_Top_59	/5Phos/CAAGTCAAGCGTGATGCAAGAGAC
E12	Odd_Top_60	/5Phos/CAAGTCAAAGTCGCACCGAGTGAC
F1	Odd_Top_61	/5Phos/CAAGTCAAATCGGCTCACAGATAT
F2	Odd_Top_62	/5Phos/CAAGTCAAATAGACCGTCTGTCTA
F3	Odd_Top_63	/5Phos/CAAGTCAAACAATGAGTGCGATAC
F4	Odd_Top_64	/5Phos/CAAGTCAAACTCGACAGATGTAGG
F5	Odd_Top_65	/5Phos/CAAGTCAAATCTGCTACGGTATCA
F6	Odd_Top_66	/5Phos/CAAGTCAAATGAACGGTGCTATCC
F7	Odd_Top_67	/5Phos/CAAGTCAAAGTCTGCGGCACTCAT
F8	Odd_Top_68	/5Phos/CAAGTCAAACGTCTTCTACTAGGC
F9	Odd_Top_69	/5Phos/CAAGTCAAACGGTGTATTCAATTA
F10	Odd_Top_70	/5Phos/CAAGTCAAGCTAAGTGGAATGGCA
F11	Odd_Top_71	/5Phos/CAAGTCAAGCGACGACACTGGAGG
F12	Odd_Top_72	/5Phos/CAAGTCAAAGCTAACACGCACTCC
G1	Odd_Top_73	/5Phos/CAAGTCAAAGGCTGTGTGTTAGAA
G2	Odd_Top_74	/5Phos/CAAGTCAAAGTCTGGTGCTTGGTC
G3	Odd_Top_75	/5Phos/CAAGTCAAATGAAGATGCAATAGG
G4	Odd_Top_76	/5Phos/CAAGTCAAATGTGTAGGTTAGCAC
G5	Odd_Top_77	/5Phos/CAAGTCAAGCCTATTCGAGATATG
G6	Odd_Top_78	/5Phos/CAAGTCAAACGCATGGAGTTCGTC
G7	Odd_Top_79	/5Phos/CAAGTCAAACGGCGTCCATCGGAC
G8	Odd_Top_80	/5Phos/CAAGTCAAGCGACTGACCTCGTTG
G9	Odd_Top_81	/5Phos/CAAGTCAAAGGTGAAGTGCCACTA
G10	Odd_Top_82	/5Phos/CAAGTCAAAGTAGCATAGGAAGGT
G11	Odd_Top_83	/5Phos/CAAGTCAAACAGGCTATCCTCGAT
G12	Odd_Top_84	/5Phos/CAAGTCAAATCAGCCTTCCTGAGT
H1	Odd_Top_85	/5Phos/CAAGTCAAACATGAGCCGTTGCCA
H2	Odd_Top_86	/5Phos/CAAGTCAAATAGGCAGTCTTGCCG
H3	Odd_Top_87	/5Phos/CAAGTCAAATAGTATCCTGCGTTA
H4	Odd_Top_88	/5Phos/CAAGTCAAAGATACCTCCAAGAGC
H5	Odd_Top_89	/5Phos/CAAGTCAAAGACCGAACCACTTCG
H6	Odd_Top_90	/5Phos/CAAGTCAAGCCTTCACAGCGTTAG
H7	Odd_Top_91	/5Phos/CAAGTCAAACACATCATCTCGGAG
H8	Odd_Top_92	/5Phos/CAAGTCAAAGGTCTTATGTCAGCG
H9	Odd_Top_93	/5Phos/CAAGTCAAAGCATTCATCCTCTCA
H10	Odd_Top_94	/5Phos/CAAGTCAAAGCCTAATTGAGTCTG
H11	Odd_Top_95	/5Phos/CAAGTCAAACTAGCGATGACACGA
H12	Odd_Top_96	/5Phos/CAAGTCAAACAATCCGAGGCTTCT
